client_id,client_name
1,Abby Adair
2,Adolfo Styron
3,Adrienne Vanwyk
4,Agnes Wilkerson
5,Aileen Kirwin
6,Al Cannon
7,Alexander Greene
8,Alexandra Henderson
9,Alfonzo Marcus
10,Alfredo Pearson
11,Allan Cohen
12,Allen Underwood
13,Allison Fleming
14,Almeda Veloz
15,Amos Patchett
16,Amy Decker
17,Ana Russ
18,Anastacia Majeed
19,Andrea Carey
20,Andrew Humphrey
21,Angel Jensen
22,Angel Mckenzie
23,Angela Flores
24,Angela Mullins
25,Angle Boulware
26,Angus Kent
27,Anita Marshall
28,Anne Gates
29,Annette Goodwin
30,Anthony Carson
31,Anthony Elliott
32,Anthony Gardner
33,Anthony Holt
34,Ardella Pahl
35,Armandina Etheridge
36,Arnold Pearson
37,Asley Gilmore
38,Athanasios Small
39,Austin Garza
40,Ayesha Myers
41,Bacardi Pittman
42,Barbara Reynolds
43,Barbera Cast
44,Barney Baker
45,Beatrice Beck
46,Belinda Reese
47,Benjamin Walton
48,Benjamin Young
49,Benning Nunez
50,Benny Perez
51,Bernadette Watkins
52,Bertha Rappold
53,Bill Osborne
54,Bobby Mendoza
55,Bonnie Hemond
56,Boyd Spencer
57,Brad Owen
58,Brad Wright
59,Bradly Barcia
60,Brandi Vine
61,Brenda Barnett
62,Brenda Carroll
63,Brenda Fuller
64,Brenda Rhodes
65,Brent Rich
66,Brett Conway
67,Brian Duran
68,Brian Fletcher
69,Brian Harris
70,Brian Lyons
71,Brian Stone
72,Britney Hegarty
73,Britt Mroz
74,Bruce Cohen
75,Bruce Norton
76,Bryan Briggs
77,Caleb Walters
78,Cam Burton
79,Candie Alexandria
80,Carita Worthey
81,Carl Parker
82,Carol McGee
83,Carol Moran
84,Carolyn Whitehead
85,Carroll Masson
86,Cary Patchen
87,Cassandra Ortega
88,Cassy Pearson
89,Catherine Hampton
90,Cathy Fields
91,Celia Ruiz
92,Chad Bush
93,Chad Tran
94,Chan Moss
95,Charles Alexander
96,Charles Lee
97,Charles Meyer
98,Charles Rojas
99,Charles Thornton
100,Charlotte Russell
101,Charolette Raia
102,Cherie Burgess
103,Cherry Buchanan
104,Chris Cummings
105,Chris Frazier
106,Chris McKinney
107,Chris Montgomery
108,Christian Watson
109,Christie Wagner
110,Christine Adams
111,Christine Golden
112,Christopher Castro
113,Christopher Joseph
114,Christopher Padilla
115,Christopher Perry
116,Chun Seitz
117,Cindy Sloan
118,Clarence Rotenberry
119,Clay Vargas
120,Clint Velasquez
121,Corey Gardner
122,Cornelius Weber
123,Cory Graham
124,Craig Beck
125,Cris Eaton
126,Cristie Temple
127,DacVinh Calhoun
128,Dagny Helwig
129,Dale Cooper
130,Dalila Bradwell
131,Dalila Godinez
132,Dana Pitts
133,Daniel Malone
134,Daniel White
135,Danika Ryan
136,Danny Lambert
137,Darcie Jobe
138,Darlene Bowman
139,Darnell Knight
140,David Adams
141,David Bell
142,David Bradley
143,David Day
144,David Diaz
145,David English
146,David Larson
147,David Mercado
148,David Meyers
149,Davin Gross
150,Dawn Beckerman
151,Dawn Potter
152,Deana Haberle
153,Debbie Richardson
154,Debbie Wolf
156,Deborah Heath
157,Deborah Kim
155,Deborah McDonald
158,Debra Boyd
159,Debra Gibbs
160,Debra McDonald
161,Debra Parrish
162,Delphine Silvia
163,Denise Cunningham
164,Dennis Clarke
165,Dennis Hanson
166,Dennis Nguyen
167,Deon Hale
168,Derick Fullerton
169,Desiree Snow
170,Detra Mayer
171,Devin Miles
172,Dewey Moreno
173,Dewey Osborne
174,Dia Arguelles
175,Diana Price
176,Diane Matthews
177,Diane Rice
178,Dionna Mannix
179,Dionne Andres
180,Dionne Joplin
181,Dixie Stgelais
182,Dolores Ramsey
183,Domingo Obrien
184,Dona Basinger
185,Donald Holland
186,Donald Lamb
187,Donald Patel
188,Donald Perkins
189,Dong Nordman
190,Donna Martinez
191,Donna Shelton
192,Donnie Colon
193,Dora Maxwell
194,Douglas Ayers
195,Douglas Hawkins
196,Doyle Barber
197,Drew Richards
198,Duane Dominguez
199,Dustin Carmichael
200,Dwight Levingston
201,Ebony Vandermeulen
202,Ed Baker
203,Ed Gomez
204,Edward McLaughlin
205,Edythe Carrasco
206,Eileen Roberson
207,Elaine Osborne
208,Elbert Cole
209,Elbert Harmon
210,Eleanor Leonard
211,Elena Miranda
212,Eleonor Simas
213,Elidia Velazquez
214,Eliza Metheny
215,Elizabet Venegas
216,Elizabeth Stewart
217,Elmer Jensen
218,Eloisa Books
219,Emilie Brighton
220,Enda Aston
221,Enola Genthner
222,Ensley Brock
223,Eric Boone
224,Eric Weaver
225,Erick Olson
226,Erik Huff
227,Erik Pena
228,Erik Pratt
229,Erin Green
230,Erin Harding
231,Erma Keller
232,Ernest Haynes
233,Eryn Bushey
234,Eugene Glover
235,Eunice Blair
236,Evelia Ledford
237,Everett Rhodes
238,Fae Crow
239,Federico Bragdon
240,Felicidad Prosser
241,Fiona Burns
242,Flor Kapoor
243,Flora Quinn
244,Florence Morningstar
245,Florianne Jacobs
246,Florine Lafleur
247,Forrest Summers
248,Frances Fuller
249,Francis Griffith
250,Francisco Oliver
251,Frank Cook
252,Frank Wiggins
253,Fred Alvarado
254,Freddie Cannon
255,Fredrick Rios
256,Fritz Emmerich
257,Gabriel Chang
258,Garret Santos
259,Gary Trevino
260,Gay Schneider
261,Gayle Eckhart
262,Geneva Walton
263,Gerald Steele
264,Gertie Pasillas
265,Gertrudis Principe
266,Gilbert Castro
267,Gina Lane
268,Ginger Hopkins
269,Gladys Turner
270,Glenn Hernandez
271,Glenn Norman
272,Gloria Williamson
273,Grazyna McBride
274,Greg Bullock
275,Gregorio Fils
276,Gregory Clayton
277,Gregory Hardin
278,Gregory Wilkinson
279,Gretchen Becker
280,Gretchen Hoffman
281,Gretchen Phelps
282,Gustavo Gregory
283,Guy Kriger
284,Guy Vincent
285,Gwen Washington
286,Gwenda Grauer
287,Hank Hankin
288,Harland Gatton
289,Harold Norman
290,Harold Summers
291,Harriet Moody
292,Harriet Webb
293,Harvey Miles
294,Hazel Bowen
295,Hector Taylor
296,Henrietta Herman
297,Herbert Stevenson
298,Herman Patterson
299,Hien Shumake
300,Hildegard Amis
301,Hoa Bittinger
302,Holly Kemp
303,Hyman Fleisher
304,Ignacio Huffman
305,Ira Wells
306,Iraida Rape
307,Irene Elliott
308,Irv Fleming
309,Isaac Bridges
310,Israel Cunningham
311,Jack Collier
312,Jack Cortez
313,Jackie Roberts
314,Jacklyn Berry
315,Jaime Chen
316,Jaime Davidson
317,Jame Kimber
318,James Finley
319,James Herrera
320,Jamie Nash
321,Jamie Patterson
322,Jamie Smith
323,Jan Ramos
324,Janine Sharp
325,Janis Endres
326,Jaquelyn Deleon
327,Jared Auxier
328,Jarrod Ollison
329,Jayson Applegate
330,Jean Moore
331,Jean Warren
332,Jeane Trowbridge
333,Jeanette Waters
334,Jeff Bridges
335,Jeffrey Roberts
336,Jenae Prunty
337,Jeremy Goodman
338,Jerry Adams
339,Jerry Townsend
340,Jesse Wilkins
341,Jessica Miller
342,Jessica Whitaker
343,Jessie Ortiz
344,Jill Maxwell
345,Jimmy Simpson
346,Jingwen Leach
347,Joan Estrada
348,Joan Griffin
349,Joanna Allen
350,Joanna Herring
351,Jody Lambert
352,Jody Tyler
353,John Bond
354,John Boyer
355,John Hickman
356,John Lloyd
357,John Manning
358,John Robinson
359,John Savage
360,John Sexton
361,John Thompson
362,Johnson Gallagher
363,Jolanda Radovich
364,Jolanda Rickenbacker
365,Jon Gregory
366,Jonathan Dawson
367,Jonathan Harrison
368,Jonathan Stokes
369,Jose Cummings
370,Josefine Tanaka
371,Joselyn Luevano
372,Josh Lyons
373,Juan Bishop
374,Juan Ross
375,Juana Nichols
376,Judith Booker
377,Juli Powell
378,Juliann Leite
379,Julie Lynch
380,Justin Bass
381,Justin McConnell
382,Kacy Stronach
383,Kara Gibbs
384,Karan Bogan
385,Karen Logan
386,Karen Pierce
387,Karen Richard
388,Karin Sherman
389,Karole Paneto
390,Katherine Castillo
391,Kathleen Browning
392,Kathleen Flowers
393,Kathleen Martinez
394,Kathryn Blackburn
395,Kayla Norris
396,Keith McCall
397,Keith Wolfe
398,Kelley Lavin
399,Kelly Wyatt
400,Ken Rowe
401,Kenneth Douglas
402,Kenneth Vazquez
403,Kent Brewer
404,Kent Oconnor
405,Kerry Herrera
406,Kevin Atkins
407,Kevin Merritt
408,Kevin Wade
409,Kim Park
410,Kim Perez
411,Kimberlie Gunning
412,Kirk Roberts
413,Koleen Smith
414,Krissy Zajac
415,Kristeen Zimmermann
416,Kristi Kelley
417,Kristin Randolph
418,Kuyler Goodman
419,Kyle Drake
420,Kyoko Caesar
421,Lance Duncan
422,Lang Honaker
423,Laronda Minter
424,Larry Weber
425,Larry Wood
426,Lashawna Sparling
427,Launa Gehling
428,Laura Farrell
429,Laurence Myers
430,Laurie George
431,Laverne Gray
432,Lawana Royer
433,Lee Nicholson
434,Leigh Newton
435,Leigha Deibel
436,Lelah Ardon
437,Leola Villeda
438,Leona Brady
439,Leonard Figueroa
440,Leonard James
441,Leonel Vanduyne
442,Lesa Carroll
443,Lester Baze
444,Lester Gray
445,Letisha Gowan
446,Liesl Phillips
447,Lilia Pascale
448,Lily Pals
449,Lincoln Dickerson
450,Linda Landry
451,Linh Platero
452,Lisa Howard
453,Lisa Page
454,Lisa Ruiz
455,Lizbeth Seeley
456,Lloyd Lucas
457,Lola Shepardson
458,Lonnie Hunter
459,Lorelei Ekdahl
460,Lori Knox
461,Lorna Hudson
462,Lowell Peterson
463,Luis Bryan
464,Lynette Graham
465,Lynette Murray
466,Lynn Hart
467,Lynn James
468,Lynn Koehler
469,Lynn Lawson
470,Lynne Wagner
471,Mack Guse
472,Mack Perry
473,Malia Brumm
474,Malik Endicott
475,Many Leeds
476,Marc Navarro
477,Marc Reese
478,Marcene Wegman
479,Marcos Little
480,Marcus Larson
481,Margarita Clark
482,Margie Bennett
483,Marie Fernandez
484,Marie Malone
485,Marilyn Callahan
486,Marilyn Weaver
487,Marilynn Gravitt
488,Marisa Weiss
489,Marisha Reichling
490,Mark Conley
491,Mark Conner
492,Mark Houston
493,Mark Jordan
494,Mark Lara
495,Mark Nash
496,Marlen Delbosque
497,Marquerite Montz
498,Marquerite Zander
499,Martha Ballard
500,Marty Hardy
501,Mary Boone
502,Mary Reyes
503,Matt Price
504,Matthew Dorsey
505,Matthew Dunn
506,Maurice Stanley
507,Max Mendez
508,Maxie Pembleton
509,Maxine Wagner
510,Meegan Wheeler
511,Merle Manning
512,Michael Barron
513,Michael Collins
514,Michael Molina
515,Michael Morse
516,Michael Noble
517,Michele Watson
518,Michelle Griffith
519,Michelle Lowe
520,Michelle McKee
521,Michelle McKenzie
522,Mihaela Kerr
523,Mike Walker
524,Mildred Fernandez
525,Milissa Wooden
526,Mitchell Saunders
527,Molly Holdaway
528,Monica Buchanan
529,Muriel Laseter
530,Natasha Zimmerman
531,Nathan Robertson
532,Nathan Sims
533,Nathaniel Nichols
534,Neil Martin
535,Neill Juarez
536,Nida Manor
537,Nobuko Shaffer
538,Noelia Buscher
539,Nola Watlington
540,Noreen Pereda
541,Norman Dekker
542,Norman Schultz
543,Octavio Worm
544,Ona Conigliaro
545,Oralia Poitra
546,Orval Frederickson
547,Oscar Adkins
548,Paige Mcewan
549,Pamela Baggs
550,Pat Surface
551,Patrica Mancini
552,Patricia Morgan
553,Patrick Curtis
554,Paul Harmon
555,Paul House
556,Paulina Banach
557,Peter Foley
558,Philip Walker
559,Phillip Washington
560,Phuong Renwick
561,Phyllis Black
562,Polly Ferrier
563,Preston McCoy
564,Rachael Sanders
565,Rachel Porter
566,Rajean Strickland
567,Ranae Graydon
568,Randy Nixon
569,Randy Pruitt
570,Randy Romero
571,Raymond Bradford
572,ReAnnon Ray
573,Rebecca McGuire
574,Regenia Kight
575,Reginald Perkins
576,Renaldo Harr
577,Renea Reda
578,Renee Hood
579,Rex Malone
580,Rheba Folk
581,Rhonda Pratt
582,Rhonda Stafford
583,Ricardo Cross
584,Richard Brooks
585,Richard Campos
586,Richard Chambers
587,Richard Dixon
588,Richard Richards
589,Rick Combs
590,Rick Gallegos
591,Ricky Ryan
592,Rita Davis
593,Robbie Barber
594,Robert Carrillo
595,Robert Daniel
596,Robert Hammond
597,Robert Peters
598,Robert Shields
599,Robert Simmons
600,Robert Sullivan
601,Robin Hill
602,Robin Hutchinson
603,Roderick Beck
604,Roger Copeland
605,Roger Patton
606,Rolin Evans
607,Roman Pierce
608,Ron Boyd
609,Ronald Lawrence
610,Roque Coleman
611,Rosanne Galang
612,Rosendo Kyker
613,Roxanne Brooks
614,Roy Butler
615,Russell Welch
616,Ryan Ryan
617,Salvador Vasquez
618,Sammy Ferguson
619,Samuel Bass
620,Santos Gregory
621,Scott Hobbs
622,Scott McDowell
623,Scott Melton
624,Scott Rodriguez
625,Season Deveau
626,Sebastian Hedlund
627,Shalanda Liakos
628,Shannon Lyons
629,Shannon Mitchell
630,Shari Mathis
631,Sharmaine Sherman
632,Sharyn Scheidler
633,Shaun Winters
634,Shawn Trujillo
635,Shawnda Scheele
636,Sheba Cardone
637,Sheila Smith
638,Shelley Mcdaniel
639,Shemeka Govan
640,Sheri Oliver
641,Sheridan Dinwiddie
642,Shira Nelson
643,Shyla Bove
644,Sirena Palm
645,Sofia Staff
646,Sperry Blair
647,Stacy Flores
648,Steffanie Troxel
649,Stephanie Camacho
650,Stephanie Cox
651,Stephanie Zimmerman
652,Stephen Silva
653,Steve Little
654,Steve May
655,Steven Todd
656,Steven York
657,Stewart Chavez
658,Sudie Bentley
659,Sue Sullivan
660,Sumed Williamson
661,Susan Carr
662,Suzi Gahan
663,Svetlana Hardy
664,Takako Shibata
665,Tamara Norris
666,Tammie Delosreyes
667,Tara Fitzgerald
668,Ted Wise
669,Temeka Neri
670,Tempie Sagucio
671,Teresa Baxter
672,Teresa Fletcher
673,Terry Garner
674,Terry Gilmore
675,Tess Swinton
676,Thelma Dworkin
677,Therese Pacheco
678,Thomas Allen
679,Thomas Hurst
680,Thomas Marquez
681,Tia Powers
682,Tim Woodward
683,Timothy Allison
684,Timothy Mcgillis
685,Timothy Mitchell
686,Timothy Park
687,Timothy Petersen
688,Timothy Tanner
689,Timothy Wallace
690,Todd Francis
691,Tommie Norris
692,Tony Roth
693,Tori Manger
694,Toshia Holgate
695,Toya Kaelin
696,Traci Brady
697,Tracy Poole
698,Tresa Gillian
699,Troy Benson
700,Troy Chase
701,Troy Durham
702,Troy Sanders
703,Tyrell Elie
704,Tyrone Cross
705,Tyrone Hicklin
706,Vanessa Bowen
707,Verlene Lovato
708,Verna Bates
709,Verna Drake
710,Vernie Sison
711,Vernon Freeman
712,Veronica Pollard
713,Veta Johannes
714,Vicki Swanson
715,Vicky Payne
716,Victoria Stephens
717,Virgina Morlan
718,Vivienne Ledwell
719,Voncile Mickle
720,Wanda Glover
721,Warren Chandler
722,Wendy Hogan
723,Wendy Patrick
724,Wilbert Shamblin
725,Wilfred Estrada
726,Willard Reyes
727,William Clay
728,William Oneal
729,Wilma Poole
730,Wm Ryan
731,Woodrow Copeland
732,Woodrow Gross
733,Yasmine Stuhr
734,Yer Winkfield
735,Yessenia Erdman
736,Yolanda Brock
737,Yuki Beene
738,Yuonne Shoaff
739,Yvonne Reid
740,Zachary Tate
741,Zenia Spurling